date,country,spread
2007-08-01,Austria,0.08347826099999978
2007-09-01,Austria,0.10400000000000009
2007-10-01,Austria,0.11739130400000075
2007-11-01,Austria,0.1204545450000003
2007-12-01,Austria,0.14411764699999985
2008-01-01,Austria,0.19227272699999975
2008-02-01,Austria,0.2271428569999996
2008-03-01,Austria,0.3405263159999996
2008-04-01,Austria,0.2999999999999998
2008-05-01,Austria,0.2780952380000006
2008-06-01,Austria,0.2795238099999997
2008-07-01,Austria,0.2895652169999998
2008-08-01,Austria,0.27761904800000003
2008-09-01,Austria,0.3659090909999998
2008-10-01,Austria,0.4460869569999999
2008-11-01,Austria,0.6335000000000002
2008-12-01,Austria,0.8521052629999999
2009-01-01,Austria,0.9290476189999999
2009-02-01,Austria,1.0825
2009-03-01,Austria,1.1404545450000003
2009-04-01,Austria,0.907
2009-05-01,Austria,0.7289999999999996
2009-06-01,Austria,0.8463636360000004
2009-07-01,Austria,0.7021739130000002
2009-08-01,Austria,0.4547619049999998
2009-09-01,Austria,0.48681818199999993
2009-10-01,Austria,0.440909091
2009-11-01,Austria,0.3828571430000003
2009-12-01,Austria,0.4714999999999998
2010-01-01,Austria,0.49250000000000016
2010-02-01,Austria,0.4900000000000002
2010-03-01,Austria,0.4278260869999997
2010-04-01,Austria,0.3955000000000002
2010-05-01,Austria,0.4757142860000001
2010-06-01,Austria,0.6568181820000003
2010-07-01,Austria,0.45409090900000004
2010-08-01,Austria,0.41999999999999993
2010-09-01,Austria,0.4995454549999998
2010-10-01,Austria,0.47428571399999964
2010-11-01,Austria,0.4768181819999997
2010-12-01,Austria,0.515238095
2011-01-01,Austria,0.5233333330000001
2011-02-01,Austria,0.4810000000000003
2011-03-01,Austria,0.46826086999999994
2011-04-01,Austria,0.41947368399999974
2011-05-01,Austria,0.4690909089999997
2011-06-01,Austria,0.539090909
2011-07-01,Austria,0.6061904760000001
2011-08-01,Austria,0.6265217389999997
2011-09-01,Austria,0.8109090910000001
2011-10-01,Austria,0.9176190479999997
2011-11-01,Austria,1.4854545449999998
2011-12-01,Austria,1.1723809520000001
2012-01-01,Austria,1.449090909
2012-02-01,Austria,1.148095238
2012-03-01,Austria,1.039545455
2012-04-01,Austria,1.2057894740000001
2012-05-01,Austria,1.1531818180000002
2012-06-01,Austria,0.9895238100000001
2012-07-01,Austria,0.8277272729999998
2012-08-01,Austria,0.6282608700000001
2012-09-01,Austria,0.5495000000000001
2012-10-01,Austria,0.553043478
2012-11-01,Austria,0.5140909090000001
2012-12-01,Austria,0.4705882349999999
2013-01-01,Austria,0.4077272729999999
2013-02-01,Austria,0.41649999999999987
2013-03-01,Austria,0.39549999999999996
2013-04-01,Austria,0.44380952399999996
2013-05-01,Austria,0.4559090910000001
2013-06-01,Austria,0.5095000000000001
2013-07-01,Austria,0.49434782600000005
2013-08-01,Austria,0.4850000000000001
2013-09-01,Austria,0.45190476199999985
2013-10-01,Austria,0.4278260869999999
2013-11-01,Austria,0.4028571430000001
2013-12-01,Austria,0.372222222
2014-01-01,Austria,0.37409090899999997
2014-02-01,Austria,0.39149999999999996
2014-03-01,Austria,0.36142857100000003
2014-04-01,Austria,0.3135000000000001
2014-05-01,Austria,0.2928571430000002
2014-06-01,Austria,0.385714286
2014-07-01,Austria,0.35565217400000004
2014-08-01,Austria,0.323333333
2014-09-01,Austria,0.29863636399999993
2014-10-01,Austria,0.30909090900000014
2014-11-01,Austria,0.261
2014-12-01,Austria,0.22105263200000003
2015-01-01,Austria,0.15000000000000002
2015-02-01,Austria,0.138
2015-03-01,Austria,0.142272727
2015-04-01,Austria,0.16799999999999998
2015-05-01,Austria,0.16968052599999994
2015-06-01,Austria,0.271092727
2015-07-01,Austria,0.3741300000000001
2015-08-01,Austria,0.350762381
2015-09-01,Austria,0.3160945449999999
2015-10-01,Austria,0.311548182
2015-11-01,Austria,0.303189524
2015-12-01,Austria,0.31774
2016-01-01,Austria,0.33670999999999995
2016-02-01,Austria,0.352676667
2016-03-01,Austria,0.285811429
2016-04-01,Austria,0.24484809500000002
2016-05-01,Austria,0.23375285699999998
2016-06-01,Austria,0.344478182
2016-07-01,Austria,0.312615714
2016-08-01,Austria,0.23856913000000002
2016-09-01,Austria,0.23250090899999998
2016-10-01,Austria,0.23871
2016-11-01,Austria,0.30254909100000005
2016-12-01,Austria,0.282545238
2017-01-01,Austria,0.31954090900000004
2017-02-01,Austria,0.33185
2017-03-01,Austria,0.24408913000000004
2017-04-01,Austria,0.264744444
2017-05-01,Austria,0.3153363639999999
2017-06-01,Austria,0.30420380999999996
2017-07-01,Austria,0.273525714
2017-08-01,Austria,0.260083043
2017-09-01,Austria,0.24395714299999993
2017-10-01,Austria,0.23368000000000005
2017-11-01,Austria,0.20626818199999997
2017-12-01,Austria,0.205341579
2018-01-01,Austria,0.194684545
2018-02-01,Austria,0.17664999999999997
2018-03-01,Austria,0.28340999999999994
2018-04-01,Austria,0.28202
2018-05-01,Austria,0.31061
2018-06-01,Austria,0.379287143
2018-07-01,Austria,0.32094999999999996
2018-08-01,Austria,0.30643043500000006
2018-09-01,Austria,0.2949
2018-10-01,Austria,0.288429091
2018-11-01,Austria,0.305959091
2018-12-01,Austria,0.33269117600000003
2019-01-01,Austria,0.31923272699999994
2019-02-01,Austria,0.39575
2019-03-01,Austria,0.365667619
2019-04-01,Austria,0.35381999999999997
2019-05-01,Austria,0.372635455
2019-06-01,Austria,0.345313158
2019-07-01,Austria,0.28461086999999996
2019-08-01,Austria,0.275410909
2019-09-01,Austria,0.29238190500000005
2019-10-01,Austria,0.272115455
2019-11-01,Austria,0.266280952
2019-12-01,Austria,0.25558444399999997
2020-01-01,Austria,0.226866364
2020-02-01,Austria,0.2086
2020-03-01,Austria,0.44804818199999996
2020-04-01,Austria,0.49527
2020-05-01,Austria,0.41911999999999994
2020-06-01,Austria,0.30342571399999996
2020-07-01,Austria,0.274523478
2020-08-01,Austria,0.24338333299999998
2020-09-01,Austria,0.20718545500000007
2020-10-01,Austria,0.209272727
2020-11-01,Austria,0.20385809500000002
2020-12-01,Austria,0.19656999999999997
2021-01-01,Austria,0.18402000000000002
2021-02-01,Austria,0.24865
2021-03-01,Austria,0.276082609
2021-04-01,Austria,0.28414
2021-05-01,Austria,0.30383
2021-06-01,Austria,0.31154636399999996
2007-08-01,Belgium,0.14347826100000027
2007-09-01,Belgium,0.1639999999999997
2007-10-01,Belgium,0.13739130400000032
2007-11-01,Belgium,0.19045454500000059
2007-12-01,Belgium,0.20411764700000035
2008-01-01,Belgium,0.222272727
2008-02-01,Belgium,0.2771428570000003
2008-03-01,Belgium,0.43052631600000035
2008-04-01,Belgium,0.33000000000000007
2008-05-01,Belgium,0.30809523799999994
2008-06-01,Belgium,0.31952380999999974
2008-07-01,Belgium,0.3595652169999992
2008-08-01,Belgium,0.3776190479999997
2008-09-01,Belgium,0.46590909099999944
2008-10-01,Belgium,0.5760869569999998
2008-11-01,Belgium,0.7034999999999996
2008-12-01,Belgium,0.8221052630000001
2009-01-01,Belgium,1.0590476189999998
2009-02-01,Belgium,1.1125000000000003
2009-03-01,Belgium,1.0104545450000004
2009-04-01,Belgium,0.7970000000000002
2009-05-01,Belgium,0.6590000000000003
2009-06-01,Belgium,0.6463636360000002
2009-07-01,Belgium,0.5821739130000001
2009-08-01,Belgium,0.46476190500000003
2009-09-01,Belgium,0.45681818200000013
2009-10-01,Belgium,0.4709090910000002
2009-11-01,Belgium,0.4228571430000003
2009-12-01,Belgium,0.4714999999999998
2010-01-01,Belgium,0.49250000000000016
2010-02-01,Belgium,0.56
2010-03-01,Belgium,0.5278260869999998
2010-04-01,Belgium,0.47550000000000026
2010-05-01,Belgium,0.5757142860000002
2010-06-01,Belgium,0.9268181820000003
2010-07-01,Belgium,0.6740909090000002
2010-08-01,Belgium,0.6799999999999997
2010-09-01,Belgium,0.8195454550000001
2010-10-01,Belgium,0.8642857139999998
2010-11-01,Belgium,0.9468181819999999
2010-12-01,Belgium,1.075238095
2011-01-01,Belgium,1.1233333329999997
2011-02-01,Belgium,1.0110000000000001
2011-03-01,Belgium,0.9982608699999997
2011-04-01,Belgium,0.949473684
2011-05-01,Belgium,1.1490909089999999
2011-06-01,Belgium,1.2490909089999995
2011-07-01,Belgium,1.4761904759999998
2011-08-01,Belgium,1.8965217390000002
2011-09-01,Belgium,2.050909091
2011-10-01,Belgium,2.197619048
2011-11-01,Belgium,2.965454545
2011-12-01,Belgium,2.4223809519999997
2012-01-01,Belgium,2.2890909090000005
2012-02-01,Belgium,1.8480952380000002
2012-03-01,Belgium,1.6995454549999998
2012-04-01,Belgium,1.895789474
2012-05-01,Belgium,1.9631818179999998
2012-06-01,Belgium,1.86952381
2012-07-01,Belgium,1.447727273
2012-08-01,Belgium,1.1982608700000001
2012-09-01,Belgium,1.1195
2012-10-01,Belgium,0.9730434779999999
2012-11-01,Belgium,0.954090909
2012-12-01,Belgium,0.800588235
2013-01-01,Belgium,0.797727273
2013-02-01,Belgium,0.9164999999999999
2013-03-01,Belgium,0.8955
2013-04-01,Belgium,0.8438095240000001
2013-05-01,Belgium,0.7659090910000002
2013-06-01,Belgium,0.9095
2013-07-01,Belgium,0.974347826
2013-08-01,Belgium,0.9149999999999998
2013-09-01,Belgium,0.861904762
2013-10-01,Belgium,0.8078260869999998
2013-11-01,Belgium,0.7428571429999999
2013-12-01,Belgium,0.6322222220000002
2014-01-01,Belgium,0.6940909090000003
2014-02-01,Belgium,0.8414999999999999
2014-03-01,Belgium,0.7514285709999997
2014-04-01,Belgium,0.7035000000000002
2014-05-01,Belgium,0.6628571430000001
2014-06-01,Belgium,0.5657142860000002
2014-07-01,Belgium,0.49565217400000017
2014-08-01,Belgium,0.4433333329999999
2014-09-01,Belgium,0.378636364
2014-10-01,Belgium,0.389090909
2014-11-01,Belgium,0.3510000000000001
2014-12-01,Belgium,0.321052632
2015-01-01,Belgium,0.33999999999999997
2015-02-01,Belgium,0.328
2015-03-01,Belgium,0.262272727
2015-04-01,Belgium,0.298
2015-05-01,Belgium,0.304210526
2015-06-01,Belgium,0.41727272699999995
2015-07-01,Belgium,0.43999999999999995
2015-08-01,Belgium,0.39095238099999996
2015-09-01,Belgium,0.35545454499999996
2015-10-01,Belgium,0.331818182
2015-11-01,Belgium,0.32380952399999996
2015-12-01,Belgium,0.34450000000000003
2016-01-01,Belgium,0.4295
2016-02-01,Belgium,0.546666667
2016-03-01,Belgium,0.448571429
2016-04-01,Belgium,0.4152380950000001
2016-05-01,Belgium,0.41714285700000003
2016-06-01,Belgium,0.446818182
2016-07-01,Belgium,0.354285714
2016-08-01,Belgium,0.28173913
2016-09-01,Belgium,0.264090909
2016-10-01,Belgium,0.268
2016-11-01,Belgium,0.3809090909999999
2016-12-01,Belgium,0.358095238
2017-01-01,Belgium,0.449090909
2017-02-01,Belgium,0.612
2017-03-01,Belgium,0.52173913
2017-04-01,Belgium,0.554444444
2017-05-01,Belgium,0.433636364
2017-06-01,Belgium,0.36952381
2017-07-01,Belgium,0.37428571399999994
2017-08-01,Belgium,0.383913043
2017-09-01,Belgium,0.35285714299999993
2017-10-01,Belgium,0.31749999999999995
2017-11-01,Belgium,0.27181818199999996
2017-12-01,Belgium,0.23263157900000003
2018-01-01,Belgium,0.22545454499999995
2018-02-01,Belgium,0.31099999999999994
2018-03-01,Belgium,0.33999999999999997
2018-04-01,Belgium,0.32950000000000007
2018-05-01,Belgium,0.37999999999999995
2018-06-01,Belgium,0.462857143
2018-07-01,Belgium,0.405
2018-08-01,Belgium,0.41913043499999997
2018-09-01,Belgium,0.3995
2018-10-01,Belgium,0.450909091
2018-11-01,Belgium,0.4959090910000001
2018-12-01,Belgium,0.562941176
2019-01-01,Belgium,0.637272727
2019-02-01,Belgium,0.6345
2019-03-01,Belgium,0.5290476190000001
2019-04-01,Belgium,0.5095
2019-05-01,Belgium,0.544545455
2019-06-01,Belgium,0.46526315799999995
2019-07-01,Belgium,0.38826087
2019-08-01,Belgium,0.36909090899999997
2019-09-01,Belgium,0.35476190500000004
2019-10-01,Belgium,0.30954545499999997
2019-11-01,Belgium,0.31238095200000005
2019-12-01,Belgium,0.309444444
2020-01-01,Belgium,0.28363636400000003
2020-02-01,Belgium,0.336
2020-03-01,Belgium,0.521818182
2020-04-01,Belgium,0.5895
2020-05-01,Belgium,0.5565
2020-06-01,Belgium,0.394285714
2020-07-01,Belgium,0.3530434779999999
2020-08-01,Belgium,0.313333333
2020-09-01,Belgium,0.27454545500000005
2020-10-01,Belgium,0.267272727
2020-11-01,Belgium,0.23523809500000004
2020-12-01,Belgium,0.22899999999999998
2021-01-01,Belgium,0.22350000000000003
2021-02-01,Belgium,0.23550000000000001
2021-03-01,Belgium,0.324782609
2021-04-01,Belgium,0.365
2021-05-01,Belgium,0.40349999999999997
2021-06-01,Belgium,0.408636364
2007-08-01,Finland,0.09347826099999956
2007-09-01,Finland,0.11399999999999988
2007-10-01,Finland,0.09739130400000029
2007-11-01,Finland,0.1304545450000001
2007-12-01,Finland,0.13411764700000006
2008-01-01,Finland,0.11227272699999968
2008-02-01,Finland,0.10714285699999948
2008-03-01,Finland,0.20052631599999993
2008-04-01,Finland,0.17999999999999972
2008-05-01,Finland,0.2680952379999999
2008-06-01,Finland,0.25952381000000013
2008-07-01,Finland,0.27956521699999914
2008-08-01,Finland,0.26761904799999936
2008-09-01,Finland,0.33590909099999955
2008-10-01,Finland,0.4460869569999999
2008-11-01,Finland,0.5334999999999996
2008-12-01,Finland,0.6721052630000002
2009-01-01,Finland,0.799047619
2009-02-01,Finland,0.8025000000000002
2009-03-01,Finland,0.7904545450000002
2009-04-01,Finland,0.6469999999999998
2009-05-01,Finland,0.5390000000000001
2009-06-01,Finland,0.5063636360000001
2009-07-01,Finland,0.4321739130000002
2009-08-01,Finland,0.3247619049999999
2009-09-01,Finland,0.35681818200000004
2009-10-01,Finland,0.3609090909999999
2009-11-01,Finland,0.312857143
2009-12-01,Finland,0.3214999999999999
2010-01-01,Finland,0.23250000000000037
2010-02-01,Finland,0.20999999999999996
2010-03-01,Finland,0.15782608699999967
2010-04-01,Finland,0.2955000000000001
2010-05-01,Finland,0.29571428599999994
2010-06-01,Finland,0.37681818200000006
2010-07-01,Finland,0.2340909090000003
2010-08-01,Finland,0.27
2010-09-01,Finland,0.27954545500000005
2010-10-01,Finland,0.2842857139999997
2010-11-01,Finland,0.28681818199999976
2010-12-01,Finland,0.27523809499999974
2011-01-01,Finland,0.25333333300000005
2011-02-01,Finland,0.2110000000000003
2011-03-01,Finland,0.23826086999999996
2011-04-01,Finland,0.2294736839999998
2011-05-01,Finland,0.25909090899999976
2011-06-01,Finland,0.3990909089999999
2011-07-01,Finland,0.41619047600000014
2011-08-01,Finland,0.46652173900000005
2011-09-01,Finland,0.520909091
2011-10-01,Finland,0.5076190479999996
2011-11-01,Finland,0.665454545
2011-12-01,Finland,0.5923809520000001
2012-01-01,Finland,0.4590909089999997
2012-02-01,Finland,0.4880952379999999
2012-03-01,Finland,0.4695454549999998
2012-04-01,Finland,0.525789474
2012-05-01,Finland,0.48318181800000004
2012-06-01,Finland,0.4595238100000001
2012-07-01,Finland,0.307727273
2012-08-01,Finland,0.19826087000000014
2012-09-01,Finland,0.3295000000000001
2012-10-01,Finland,0.313043478
2012-11-01,Finland,0.33409090899999994
2012-12-01,Finland,0.290588235
2013-01-01,Finland,0.22772727299999995
2013-02-01,Finland,0.26649999999999996
2013-03-01,Finland,0.25550000000000006
2013-04-01,Finland,0.31380952400000006
2013-05-01,Finland,0.3059090910000002
2013-06-01,Finland,0.3494999999999999
2013-07-01,Finland,0.3443478259999999
2013-08-01,Finland,0.33499999999999974
2013-09-01,Finland,0.30190476199999994
2013-10-01,Finland,0.277826087
2013-11-01,Finland,0.26285714299999996
2013-12-01,Finland,0.23222222199999987
2014-01-01,Finland,0.23409090900000007
2014-02-01,Finland,0.36149999999999993
2014-03-01,Finland,0.39142857099999984
2014-04-01,Finland,0.3835000000000002
2014-05-01,Finland,0.36285714300000005
2014-06-01,Finland,0.30571428600000017
2014-07-01,Finland,0.24565217400000017
2014-08-01,Finland,0.2233333329999999
2014-09-01,Finland,0.20863636399999985
2014-10-01,Finland,0.21909090900000006
2014-11-01,Finland,0.18100000000000005
2014-12-01,Finland,0.301052632
2015-01-01,Finland,0.22999999999999998
2015-02-01,Finland,0.178
2015-03-01,Finland,0.162272727
2015-04-01,Finland,0.14800000000000002
2015-05-01,Finland,0.15421052599999996
2015-06-01,Finland,0.217272727
2015-07-01,Finland,0.24
2015-08-01,Finland,0.2109523809999999
2015-09-01,Finland,0.2954545449999999
2015-10-01,Finland,0.2918181820000001
2015-11-01,Finland,0.29380952400000004
2015-12-01,Finland,0.3145
2016-01-01,Finland,0.34950000000000003
2016-02-01,Finland,0.35666666700000005
2016-03-01,Finland,0.35857142900000005
2016-04-01,Finland,0.325238095
2016-05-01,Finland,0.317142857
2016-06-01,Finland,0.34681818200000003
2016-07-01,Finland,0.274285714
2016-08-01,Finland,0.19173913
2016-09-01,Finland,0.164090909
2016-10-01,Finland,0.168
2016-11-01,Finland,0.22090909099999997
2016-12-01,Finland,0.20809523800000002
2017-01-01,Finland,0.24909090900000003
2017-02-01,Finland,0.262
2017-03-01,Finland,0.16173913
2017-04-01,Finland,0.15444444400000001
2017-05-01,Finland,0.15363636399999997
2017-06-01,Finland,0.30952381000000007
2017-07-01,Finland,0.304285714
2017-08-01,Finland,0.30391304300000005
2017-09-01,Finland,0.23285714299999993
2017-10-01,Finland,0.21749999999999997
2017-11-01,Finland,0.21181818200000002
2017-12-01,Finland,0.202631579
2018-01-01,Finland,0.19545454500000004
2018-02-01,Finland,0.18099999999999994
2018-03-01,Finland,0.18999999999999995
2018-04-01,Finland,0.20949999999999996
2018-05-01,Finland,0.24999999999999994
2018-06-01,Finland,0.302857143
2018-07-01,Finland,0.255
2018-08-01,Finland,0.26913043500000006
2018-09-01,Finland,0.28950000000000004
2018-10-01,Finland,0.330909091
2018-11-01,Finland,0.34590909100000006
2018-12-01,Finland,0.36294117600000003
2019-01-01,Finland,0.357272727
2019-02-01,Finland,0.3245
2019-03-01,Finland,0.379047619
2019-04-01,Finland,0.3795
2019-05-01,Finland,0.38454545500000004
2019-06-01,Finland,0.365263158
2019-07-01,Finland,0.29826087
2019-08-01,Finland,0.299090909
2019-09-01,Finland,0.29476190500000005
2019-10-01,Finland,0.25954545500000004
2019-11-01,Finland,0.272380952
2019-12-01,Finland,0.269444444
2020-01-01,Finland,0.243636364
2020-02-01,Finland,0.23600000000000002
2020-03-01,Finland,0.421818182
2020-04-01,Finland,0.47950000000000004
2020-05-01,Finland,0.39649999999999996
2020-06-01,Finland,0.264285714
2020-07-01,Finland,0.313043478
2020-08-01,Finland,0.27333333299999996
2020-09-01,Finland,0.22454545500000006
2020-10-01,Finland,0.227272727
2020-11-01,Finland,0.21523809500000002
2020-12-01,Finland,0.20900000000000002
2021-01-01,Finland,0.20350000000000001
2021-02-01,Finland,0.2255
2021-03-01,Finland,0.24478260899999998
2021-04-01,Finland,0.245
2021-05-01,Finland,0.2735
2021-06-01,Finland,0.26863636399999996
2007-08-01,France,0.09237826099999946
2007-09-01,France,0.13070000000000004
2007-10-01,France,0.11959130400000006
2007-11-01,France,0.1381545449999999
2007-12-01,France,0.14821764700000006
2008-01-01,France,0.12227272700000036
2008-02-01,France,0.12634285700000003
2008-03-01,France,0.219926316
2008-04-01,France,0.22989999999999977
2008-05-01,France,0.20399523800000008
2008-06-01,France,0.21322380999999968
2008-07-01,France,0.19986521699999926
2008-08-01,France,0.19941904799999932
2008-09-01,France,0.26780909100000017
2008-10-01,France,0.29968695700000003
2008-11-01,France,0.4201999999999999
2008-12-01,France,0.49160526299999985
2009-01-01,France,0.5306476189999998
2009-02-01,France,0.5506000000000002
2009-03-01,France,0.6278545450000004
2009-04-01,France,0.5261
2009-05-01,France,0.4335
2009-06-01,France,0.4260636360000003
2009-07-01,France,0.39507391300000005
2009-08-01,France,0.28216190500000016
2009-09-01,France,0.3237181819999999
2009-10-01,France,0.3488090910000001
2009-11-01,France,0.33805714300000034
2009-12-01,France,0.3365999999999998
2010-01-01,France,0.2582
2010-02-01,France,0.32810000000000006
2010-03-01,France,0.3352260869999997
2010-04-01,France,0.3371000000000004
2010-05-01,France,0.341414286
2010-06-01,France,0.5300181820000001
2010-07-01,France,0.3720909090000002
2010-08-01,France,0.3285
2010-09-01,France,0.3778454550000001
2010-10-01,France,0.3729857139999999
2010-11-01,France,0.46421818199999976
2010-12-01,France,0.4268380949999999
2011-01-01,France,0.4262333329999999
2011-02-01,France,0.4043000000000001
2011-03-01,France,0.3978608699999997
2011-04-01,France,0.3494736839999999
2011-05-01,France,0.4282909089999998
2011-06-01,France,0.5395909089999997
2011-07-01,France,0.655590476
2011-08-01,France,0.771021739
2011-09-01,France,0.815309091
2011-10-01,France,0.990119048
2011-11-01,France,1.5329545450000002
2011-12-01,France,1.231280952
2012-01-01,France,1.3587909089999999
2012-02-01,France,1.163895238
2012-03-01,France,1.1237454550000001
2012-04-01,France,1.3692894740000001
2012-05-01,France,1.4149818179999998
2012-06-01,France,1.26892381
2012-07-01,France,1.0329272729999999
2012-08-01,France,0.7776608700000003
2012-09-01,France,0.7467000000000001
2012-10-01,France,0.7187434780000002
2012-11-01,France,0.8037909089999999
2012-12-01,France,0.7108882349999999
2013-01-01,France,0.652927273
2013-02-01,France,0.7011000000000001
2013-03-01,France,0.7165000000000001
2013-04-01,France,0.606609524
2013-05-01,France,0.5787090910000001
2013-06-01,France,0.6802000000000001
2013-07-01,France,0.6811478259999999
2013-08-01,France,0.6274
2013-09-01,France,0.5977047619999998
2013-10-01,France,0.6321260869999998
2013-11-01,France,0.5878571430000001
2013-12-01,France,0.533022222
2014-01-01,France,0.6281909090000002
2014-02-01,France,0.6941999999999999
2014-03-01,France,0.6433285709999998
2014-04-01,France,0.5692000000000002
2014-05-01,France,0.5112571430000001
2014-06-01,France,0.4476142860000001
2014-07-01,France,0.444652174
2014-08-01,France,0.44973333300000007
2014-09-01,France,0.42943636399999996
2014-10-01,France,0.4688909090000001
2014-11-01,France,0.41679999999999995
2014-12-01,France,0.3318526319999999
2015-01-01,France,0.2841
2015-02-01,France,0.2948
2015-03-01,France,0.28157272699999997
2015-04-01,France,0.313
2015-05-01,France,0.33301052600000003
2015-06-01,France,0.402772727
2015-07-01,France,0.40359999999999996
2015-08-01,France,0.39605238100000006
2015-09-01,France,0.3500545449999999
2015-10-01,France,0.347018182
2015-11-01,France,0.366909524
2015-12-01,France,0.38570000000000004
2016-01-01,France,0.4123
2016-02-01,France,0.41896666700000007
2016-03-01,France,0.337871429
2016-04-01,France,0.37943809500000003
2016-05-01,France,0.37664285699999994
2016-06-01,France,0.40681818200000003
2016-07-01,France,0.325685714
2016-08-01,France,0.28513913
2016-09-01,France,0.267790909
2016-10-01,France,0.3289
2016-11-01,France,0.478209091
2016-12-01,France,0.497895238
2017-01-01,France,0.612190909
2017-02-01,France,0.7726999999999999
2017-03-01,France,0.67333913
2017-04-01,France,0.6580444440000001
2017-05-01,France,0.46933636399999995
2017-06-01,France,0.41362381000000004
2017-07-01,France,0.38018571399999995
2017-08-01,France,0.364613043
2017-09-01,France,0.35185714299999993
2017-10-01,France,0.43950000000000006
2017-11-01,France,0.40891818199999996
2017-12-01,France,0.37743157899999996
2018-01-01,France,0.384454545
2018-02-01,France,0.3228
2018-03-01,France,0.3052
2018-04-01,France,0.2979
2018-05-01,France,0.331
2018-06-01,France,0.426857143
2018-07-01,France,0.3903
2018-08-01,France,0.413630435
2018-09-01,France,0.39530000000000004
2018-10-01,France,0.42380909099999997
2018-11-01,France,0.44890909100000004
2018-12-01,France,0.511341176
2019-01-01,France,0.512872727
2019-02-01,France,0.49429999999999996
2019-03-01,France,0.426047619
2019-04-01,France,0.4113
2019-05-01,France,0.43904545500000003
2019-06-01,France,0.394363158
2019-07-01,France,0.31926087
2019-08-01,France,0.309990909
2019-09-01,France,0.31906190500000003
2019-10-01,France,0.312145455
2019-11-01,France,0.331980952
2019-12-01,France,0.335644444
2020-01-01,France,0.306636364
2020-02-01,France,0.28880000000000006
2020-03-01,France,0.483418182
2020-04-01,France,0.5073
2020-05-01,France,0.48639999999999994
2020-06-01,France,0.390285714
2020-07-01,France,0.37524347799999996
2020-08-01,France,0.35203333299999995
2020-09-01,France,0.31734545500000005
2020-10-01,France,0.31067272700000004
2020-11-01,France,0.28903809500000005
2020-12-01,France,0.2838
2021-01-01,France,0.2783
2021-02-01,France,0.29510000000000003
2021-03-01,France,0.294682609
2021-04-01,France,0.3194
2021-05-01,France,0.4303
2021-06-01,France,0.44163636399999995
2007-08-01,Greece,0.323478261
2007-09-01,Greece,0.33399999999999963
2007-10-01,Greece,0.29739130400000047
2007-11-01,Greece,0.34045454500000005
2007-12-01,Greece,0.32411764700000045
2008-01-01,Greece,0.37227272700000036
2008-02-01,Greece,0.4071428570000002
2008-03-01,Greece,0.6205263159999999
2008-04-01,Greece,0.5
2008-05-01,Greece,0.5380952380000004
2008-06-01,Greece,0.6495238099999998
2008-07-01,Greece,0.6595652169999999
2008-08-01,Greece,0.6676190479999997
2008-09-01,Greece,0.7859090909999997
2008-10-01,Greece,1.0460869569999995
2008-11-01,Greece,1.5334999999999996
2008-12-01,Greece,2.032105263
2009-01-01,Greece,2.5290476189999995
2009-02-01,Greece,2.5725000000000002
2009-03-01,Greece,2.8504545450000003
2009-04-01,Greece,2.367
2009-05-01,Greece,1.8489999999999998
2009-06-01,Greece,1.8563636360000002
2009-07-01,Greece,1.5521739129999998
2009-08-01,Greece,1.2147619049999996
2009-09-01,Greece,1.2968181819999995
2009-10-01,Greece,1.3609090910000003
2009-11-01,Greece,1.622857143
2009-12-01,Greece,2.3515
2010-01-01,Greece,2.7624999999999997
2010-02-01,Greece,3.29
2010-03-01,Greece,3.137826087
2010-04-01,Greece,4.7655
2010-05-01,Greece,5.235714286
2010-06-01,Greece,6.556818182
2010-07-01,Greece,7.724090909
2010-08-01,Greece,8.35
2010-09-01,Greece,9.039545454999999
2010-10-01,Greece,7.2242857140000005
2010-11-01,Greece,8.986818182
2010-12-01,Greece,9.095238095
2011-01-01,Greece,8.713333333000001
2011-02-01,Greece,8.201
2011-03-01,Greece,9.22826087
2011-04-01,Greece,10.519473684
2011-05-01,Greece,12.879090908999999
2011-06-01,Greece,13.799090909
2011-07-01,Greece,13.406190475999999
2011-08-01,Greece,13.686521739
2011-09-01,Greece,15.950909091000002
2011-10-01,Greece,16.037619048
2011-11-01,Greece,16.045454545000002
2011-12-01,Greece,19.212380952
2012-01-01,Greece,24.089090909
2012-02-01,Greece,27.388095238
2012-03-01,Greece,17.229545455
2012-04-01,Greece,19.855789474
2012-05-01,Greece,25.563181817999997
2012-06-01,Greece,26.51952381
2012-07-01,Greece,24.577727273
2012-08-01,Greece,22.99826087
2012-09-01,Greece,19.4195
2012-10-01,Greece,16.493043478
2012-11-01,Greece,15.864090909
2012-12-01,Greece,12.030588235
2013-01-01,Greece,9.587727272999999
2013-02-01,Greece,9.4065
2013-03-01,Greece,10.025500000000001
2013-04-01,Greece,10.383809524
2013-05-01,Greece,7.775909091000001
2013-06-01,Greece,8.5395
2013-07-01,Greece,8.964347826
2013-08-01,Greece,8.275
2013-09-01,Greece,8.261904762
2013-10-01,Greece,6.977826087
2013-11-01,Greece,6.732857143
2013-12-01,Greece,6.862222222
2014-01-01,Greece,6.424090909
2014-02-01,Greece,6.141500000000001
2014-03-01,Greece,5.3914285710000005
2014-04-01,Greece,4.7435
2014-05-01,Greece,5.052857143
2014-06-01,Greece,4.665714286
2014-07-01,Greece,4.985652174
2014-08-01,Greece,5.1333333329999995
2014-09-01,Greece,4.968636364
2014-10-01,Greece,6.469090909
2014-11-01,Greece,7.380999999999999
2014-12-01,Greece,7.831052632
2015-01-01,Greece,9.09
2015-02-01,Greece,9.418000000000001
2015-03-01,Greece,10.292272727
2015-04-01,Greece,11.878
2015-05-01,Greece,10.394210525999998
2015-06-01,Greece,10.637272727
2015-07-01,Greece,NA
2015-08-01,Greece,9.650952381
2015-09-01,Greece,7.885454544999999
2015-10-01,Greece,7.291818182
2015-11-01,Greece,6.893809524
2015-12-01,Greece,7.664500000000001
2016-01-01,Greece,8.6495
2016-02-01,Greece,10.236666667
2016-03-01,Greece,8.948571429
2016-04-01,Greece,8.895238095
2016-05-01,Greece,7.507142857
2016-06-01,Greece,7.936818182
2016-07-01,Greece,8.144285714
2016-08-01,Greece,8.32173913
2016-09-01,Greece,8.424090909
2016-10-01,Greece,8.328
2016-11-01,Greece,7.140909091
2016-12-01,Greece,6.688095238000001
2017-01-01,Greece,6.7890909090000005
2017-02-01,Greece,7.262
2017-03-01,Greece,6.82173913
2017-04-01,Greece,6.474444444
2017-05-01,Greece,5.523636364000001
2017-06-01,Greece,5.50952381
2017-07-01,Greece,4.874285714
2017-08-01,Greece,5.203913043
2017-09-01,Greece,5.212857143
2017-10-01,Greece,5.2175
2017-11-01,Greece,4.911818181999999
2017-12-01,Greece,4.142631579000001
2018-01-01,Greece,3.315454545
2018-02-01,Greece,3.481
2018-03-01,Greece,3.7399999999999993
2018-04-01,Greece,3.5595
2018-05-01,Greece,3.84
2018-06-01,Greece,4.062857143
2018-07-01,Greece,3.605
2018-08-01,Greece,3.8891304349999998
2018-09-01,Greece,3.7995
2018-10-01,Greece,3.9709090910000002
2018-11-01,Greece,4.105909091
2018-12-01,Greece,4.092941176
2019-01-01,Greece,4.0772727269999995
2019-02-01,Greece,3.7845
2019-03-01,Greece,3.7490476189999997
2019-04-01,Greece,3.4595
2019-05-01,Greece,3.504545455
2019-06-01,Greece,2.985263158
2019-07-01,Greece,2.54826087
2019-08-01,Greece,2.629090909
2019-09-01,Greece,2.094761905
2019-10-01,Greece,1.809545455
2019-11-01,Greece,1.7123809520000002
2019-12-01,Greece,1.7194444439999998
2020-01-01,Greece,1.653636364
2020-02-01,Greece,1.536
2020-03-01,Greece,2.511818182
2020-04-01,Greece,2.4995
2020-05-01,Greece,2.4465
2020-06-01,Greece,1.754285714
2020-07-01,Greece,1.6630434779999999
2020-08-01,Greece,1.6033333330000001
2020-09-01,Greece,1.6045454550000002
2020-10-01,Greece,1.5072727270000001
2020-11-01,Greece,1.365238095
2020-12-01,Greece,1.249
2021-01-01,Greece,1.2335
2021-02-01,Greece,1.2555
2021-03-01,Greece,1.274782609
2021-04-01,Greece,1.205
2021-05-01,Greece,1.2135
2021-06-01,Greece,1.098636364
2007-08-01,Ireland,0.10347826100000024
2007-09-01,Ireland,0.0940000000000003
2007-10-01,Ireland,0.10739130400000008
2007-11-01,Ireland,0.22045454499999995
2007-12-01,Ireland,0.24411764700000038
2008-01-01,Ireland,0.222272727
2008-02-01,Ireland,0.25714285699999984
2008-03-01,Ireland,0.37052631599999986
2008-04-01,Ireland,0.40000000000000036
2008-05-01,Ireland,0.3780952380000002
2008-06-01,Ireland,0.38952381
2008-07-01,Ireland,0.4295652169999995
2008-08-01,Ireland,0.38761904799999947
2008-09-01,Ireland,0.46590909099999944
2008-10-01,Ireland,0.6660869569999996
2008-11-01,Ireland,1.0034999999999994
2008-12-01,Ireland,1.5221052630000003
2009-01-01,Ireland,2.129047619
2009-02-01,Ireland,2.5225000000000004
2009-03-01,Ireland,2.740454545
2009-04-01,Ireland,2.207
2009-05-01,Ireland,1.8989999999999996
2009-06-01,Ireland,2.2563636360000006
2009-07-01,Ireland,2.1121739130000003
2009-08-01,Ireland,1.614761905
2009-09-01,Ireland,1.646818182
2009-10-01,Ireland,1.5609090909999996
2009-11-01,Ireland,1.6028571430000005
2009-12-01,Ireland,1.7414999999999998
2010-01-01,Ireland,1.5725000000000002
2010-02-01,Ireland,1.5600000000000005
2010-03-01,Ireland,1.4278260870000001
2010-04-01,Ireland,1.6955
2010-05-01,Ireland,2.1257142860000005
2010-06-01,Ireland,2.7668181819999997
2010-07-01,Ireland,2.7040909090000005
2010-08-01,Ireland,2.9499999999999997
2010-09-01,Ireland,3.8395454549999997
2010-10-01,Ireland,4.074285714
2010-11-01,Ireland,5.6868181820000006
2010-12-01,Ireland,5.535238094999999
2011-01-01,Ireland,5.733333333
2011-02-01,Ireland,5.901
2011-03-01,Ireland,6.45826087
2011-04-01,Ireland,6.449473683999999
2011-05-01,Ireland,7.5790909090000005
2011-06-01,Ireland,8.539090908999999
2011-07-01,Ireland,9.706190476
2011-08-01,Ireland,7.356521739
2011-09-01,Ireland,6.680909091
2011-10-01,Ireland,6.097619047999999
2011-11-01,Ireland,6.635454545
2011-12-01,Ireland,6.772380951999999
2012-01-01,Ireland,5.889090909
2012-02-01,Ireland,5.168095237999999
2012-03-01,Ireland,5.069545455
2012-04-01,Ireland,5.255789474
2012-05-01,Ireland,5.783181818
2012-06-01,Ireland,5.78952381
2012-07-01,Ireland,4.877727273
2012-08-01,Ireland,4.5682608700000005
2012-09-01,Ireland,3.7895000000000003
2012-10-01,Ireland,3.3030434779999993
2012-11-01,Ireland,3.254090909
2012-12-01,Ireland,3.3705882349999996
2013-01-01,Ireland,2.6677272729999997
2013-02-01,Ireland,2.2364999999999995
2013-03-01,Ireland,2.4755000000000003
2013-04-01,Ireland,2.583809524
2013-05-01,Ireland,2.185909091
2013-06-01,Ireland,2.4894999999999996
2013-07-01,Ireland,2.3143478259999997
2013-08-01,Ireland,2.1849999999999996
2013-09-01,Ireland,2.061904762
2013-10-01,Ireland,1.8878260869999999
2013-11-01,Ireland,1.8528571429999998
2013-12-01,Ireland,1.682222222
2014-01-01,Ireland,1.6340909090000002
2014-02-01,Ireland,1.6815000000000002
2014-03-01,Ireland,1.5414285709999997
2014-04-01,Ireland,1.4435
2014-05-01,Ireland,1.382857143
2014-06-01,Ireland,1.175714286
2014-07-01,Ireland,1.1656521739999999
2014-08-01,Ireland,1.063333333
2014-09-01,Ireland,0.828636364
2014-10-01,Ireland,0.949090909
2014-11-01,Ireland,0.8610000000000001
2014-12-01,Ireland,0.721052632
2015-01-01,Ireland,0.83
2015-02-01,Ireland,0.8180000000000001
2015-03-01,Ireland,0.5722727270000001
2015-04-01,Ireland,0.608
2015-05-01,Ireland,0.694210526
2015-06-01,Ireland,0.8572727269999999
2015-07-01,Ireland,0.76
2015-08-01,Ireland,0.680952381
2015-09-01,Ireland,0.655454545
2015-10-01,Ireland,0.6218181819999999
2015-11-01,Ireland,0.5838095240000001
2015-12-01,Ireland,0.5645000000000001
2016-01-01,Ireland,0.6195
2016-02-01,Ireland,0.816666667
2016-03-01,Ireland,0.678571429
2016-04-01,Ireland,0.725238095
2016-05-01,Ireland,0.707142857
2016-06-01,Ireland,0.776818182
2016-07-01,Ireland,0.624285714
2016-08-01,Ireland,0.5317391300000001
2016-09-01,Ireland,0.504090909
2016-10-01,Ireland,0.498
2016-11-01,Ireland,0.660909091
2016-12-01,Ireland,0.588095238
2017-01-01,Ireland,0.739090909
2017-02-01,Ireland,0.802
2017-03-01,Ireland,0.70173913
2017-04-01,Ireland,0.684444444
2017-05-01,Ireland,0.49363636399999994
2017-06-01,Ireland,0.44952380999999997
2017-07-01,Ireland,0.41428571399999997
2017-08-01,Ireland,0.383913043
2017-09-01,Ireland,0.35285714299999993
2017-10-01,Ireland,0.28750000000000003
2017-11-01,Ireland,0.27181818199999996
2017-12-01,Ireland,0.24263157900000004
2018-01-01,Ireland,0.435454545
2018-02-01,Ireland,0.47099999999999986
2018-03-01,Ireland,0.48
2018-04-01,Ireland,0.45949999999999996
2018-05-01,Ireland,0.53
2018-06-01,Ireland,0.592857143
2018-07-01,Ireland,0.5549999999999999
2018-08-01,Ireland,0.5691304349999999
2018-09-01,Ireland,0.5595000000000001
2018-10-01,Ireland,0.610909091
2018-11-01,Ireland,0.6659090910000001
2018-12-01,Ireland,0.722941176
2019-01-01,Ireland,0.807272727
2019-02-01,Ireland,0.8045
2019-03-01,Ireland,0.6590476190000001
2019-04-01,Ireland,0.5995
2019-05-01,Ireland,0.634545455
2019-06-01,Ireland,0.5852631580000001
2019-07-01,Ireland,0.51826087
2019-08-01,Ireland,0.599090909
2019-09-01,Ireland,0.584761905
2019-10-01,Ireland,0.489545455
2019-11-01,Ireland,0.42238095200000003
2019-12-01,Ireland,0.33944444399999996
2020-01-01,Ireland,0.313636364
2020-02-01,Ireland,0.336
2020-03-01,Ireland,0.6118181819999999
2020-04-01,Ireland,0.6495
2020-05-01,Ireland,0.6265
2020-06-01,Ireland,0.514285714
2020-07-01,Ireland,0.47304347799999996
2020-08-01,Ireland,0.40333333299999996
2020-09-01,Ireland,0.39454545500000004
2020-10-01,Ireland,0.38727272700000004
2020-11-01,Ireland,0.36523809500000004
2020-12-01,Ireland,0.329
2021-01-01,Ireland,0.3435
2021-02-01,Ireland,0.3855
2021-03-01,Ireland,0.39478260899999995
2021-04-01,Ireland,0.405
2021-05-01,Ireland,0.4635
2007-08-01,Italy,0.2869782609999998
2007-09-01,Italy,0.3475999999999999
2007-10-01,Italy,0.3082913040000008
2007-11-01,Italy,0.35975454500000037
2007-12-01,Italy,0.3326176470000002
2008-01-01,Italy,0.37117272700000026
2008-02-01,Italy,0.4015428569999999
2008-03-01,Italy,0.5805263159999998
2008-04-01,Italy,0.4900000000000002
2008-05-01,Italy,0.49809523800000033
2008-06-01,Italy,0.5851238099999998
2008-07-01,Italy,0.6041652169999994
2008-08-01,Italy,0.6115190479999999
2008-09-01,Italy,0.7100090909999999
2008-10-01,Italy,0.8960869570000001
2008-11-01,Italy,1.1859999999999995
2008-12-01,Italy,1.4209052629999999
2009-01-01,Italy,1.5503476189999996
2009-02-01,Italy,1.4083
2009-03-01,Italy,1.4388545450000003
2009-04-01,Italy,1.2229999999999999
2009-05-01,Italy,1.0440999999999998
2009-06-01,Italy,1.1325636360000004
2009-07-01,Italy,1.0350739129999997
2009-08-01,Italy,0.8107619049999997
2009-09-01,Italy,0.824818182
2009-10-01,Italy,0.891909091
2009-11-01,Italy,0.839357143
2009-12-01,Italy,0.8684999999999996
2010-01-01,Italy,0.8203999999999998
2010-02-01,Italy,0.8769999999999998
2010-03-01,Italy,0.8428260869999997
2010-04-01,Italy,0.9311000000000003
2010-05-01,Italy,1.2557142860000003
2010-06-01,Italy,1.5568181819999998
2010-07-01,Italy,1.4140909090000005
2010-08-01,Italy,1.4499999999999997
2010-09-01,Italy,1.5595454549999999
2010-10-01,Italy,1.4542857139999996
2010-11-01,Italy,1.6468181819999996
2010-12-01,Italy,1.6882380949999996
2011-01-01,Italy,1.7123333330000001
2011-02-01,Italy,1.5366
2011-03-01,Italy,1.6636608699999997
2011-04-01,Italy,1.5004736840000001
2011-05-01,Italy,1.6950909090000001
2011-06-01,Italy,1.9246909089999997
2011-07-01,Italy,2.719190476
2011-08-01,Italy,3.057021739
2011-09-01,Italy,3.9169090910000004
2011-10-01,Italy,3.9695190479999996
2011-11-01,Italy,5.182554545
2011-12-01,Italy,4.884380952000001
2012-01-01,Italy,4.715690909
2012-02-01,Italy,3.694095238
2012-03-01,Italy,3.2183454549999997
2012-04-01,Italy,4.051589474
2012-05-01,Italy,4.446481818
2012-06-01,Italy,4.603223809999999
2012-07-01,Italy,4.753727273000001
2012-08-01,Italy,4.48026087
2012-09-01,Italy,3.7634999999999996
2012-10-01,Italy,3.4859434779999994
2012-11-01,Italy,3.515490909
2012-12-01,Italy,3.2421882349999995
2013-01-01,Italy,2.695427273
2013-02-01,Italy,2.9494
2013-03-01,Italy,3.2859
2013-04-01,Italy,3.0818095239999996
2013-05-01,Italy,2.669909091
2013-06-01,Italy,2.8484
2013-07-01,Italy,2.852647826
2013-08-01,Italy,2.6841
2013-09-01,Italy,2.653004762
2013-10-01,Italy,2.4854260870000005
2013-11-01,Italy,2.4179571430000006
2013-12-01,Italy,2.316222222
2014-01-01,Italy,2.110090909
2014-02-01,Italy,2.0927
2014-03-01,Italy,1.890828571
2014-04-01,Italy,1.7715000000000003
2014-05-01,Italy,1.796157143
2014-06-01,Italy,1.655714286
2014-07-01,Italy,1.6792521740000002
2014-08-01,Italy,1.676033333
2014-09-01,Italy,1.4786363639999998
2014-10-01,Italy,1.6330909089999999
2014-11-01,Italy,1.5714000000000001
2014-12-01,Italy,1.4008526319999999
2015-01-01,Italy,1.3121
2015-02-01,Italy,1.2548
2015-03-01,Italy,1.066472727
2015-04-01,Italy,1.2353999999999998
2015-05-01,Italy,1.256210526
2015-06-01,Italy,1.4062727269999997
2015-07-01,Italy,1.3321
2015-08-01,Italy,1.229952381
2015-09-01,Italy,1.2654545449999999
2015-10-01,Italy,1.177818182
2015-11-01,Italy,1.054009524
2015-12-01,Italy,1.0331000000000001
2016-01-01,Italy,1.1035
2016-02-01,Italy,1.384666667
2016-03-01,Italy,1.203571429
2016-04-01,Italy,1.307038095
2016-05-01,Italy,1.393442857
2016-06-01,Italy,1.470318182
2016-07-01,Italy,1.381485714
2016-08-01,Italy,1.3080391299999998
2016-09-01,Italy,1.350190909
2016-10-01,Italy,1.448
2016-11-01,Italy,1.7539090910000001
2016-12-01,Italy,1.634095238
2017-01-01,Italy,1.740190909
2017-02-01,Italy,2.094
2017-03-01,Italy,2.05273913
2017-04-01,Italy,2.031444444
2017-05-01,Italy,1.857636364
2017-06-01,Italy,1.8025238099999998
2017-07-01,Italy,1.7752857139999998
2017-08-01,Italy,1.763813043
2017-09-01,Italy,1.762357143
2017-10-01,Italy,1.7012999999999998
2017-11-01,Italy,1.480618182
2017-12-01,Italy,1.496631579
2018-01-01,Italy,1.509454545
2018-02-01,Italy,1.422
2018-03-01,Italy,1.4355
2018-04-01,Italy,1.2929000000000002
2018-05-01,Italy,1.7297
2018-06-01,Italy,2.417057143
2018-07-01,Italy,2.368
2018-08-01,Italy,2.870130435
2018-09-01,Italy,2.5885000000000002
2018-10-01,Italy,3.069909091
2018-11-01,Italy,3.075909091
2018-12-01,Italy,2.787941176
2019-01-01,Italy,2.637272727
2019-02-01,Italy,2.7565
2019-03-01,Italy,2.678947619
2019-04-01,Italy,2.6571
2019-05-01,Italy,2.778545455
2019-06-01,Italy,2.599263158
2019-07-01,Italy,1.58426087
2019-08-01,Italy,2.052690909
2019-09-01,Italy,1.496861905
2019-10-01,Italy,1.473145455
2019-11-01,Italy,1.618280952
2019-12-01,Italy,1.669444444
2020-01-01,Italy,1.5886363639999999
2020-02-01,Italy,1.421
2020-03-01,Italy,2.091818182
2020-04-01,Italy,2.2485
2020-05-01,Italy,2.2785
2020-06-01,Italy,1.8892857140000001
2020-07-01,Italy,1.719043478
2020-08-01,Italy,1.555333333
2020-09-01,Italy,1.505745455
2020-10-01,Italy,1.377272727
2020-11-01,Italy,1.2792380950000002
2020-12-01,Italy,1.197
2021-01-01,Italy,1.1992
2021-02-01,Italy,1.0354999999999999
2021-03-01,Italy,1.0687826089999999
2021-04-01,Italy,1.122
2021-05-01,Italy,1.208
2021-06-01,Italy,1.163636364
2007-08-01,Luxembourg,NA
2007-09-01,Luxembourg,NA
2007-10-01,Luxembourg,NA
2007-11-01,Luxembourg,NA
2007-12-01,Luxembourg,NA
2008-01-01,Luxembourg,NA
2008-02-01,Luxembourg,NA
2008-03-01,Luxembourg,NA
2008-04-01,Luxembourg,NA
2008-05-01,Luxembourg,NA
2008-06-01,Luxembourg,NA
2008-07-01,Luxembourg,NA
2008-08-01,Luxembourg,NA
2008-09-01,Luxembourg,NA
2008-10-01,Luxembourg,NA
2008-11-01,Luxembourg,NA
2008-12-01,Luxembourg,NA
2009-01-01,Luxembourg,NA
2009-02-01,Luxembourg,NA
2009-03-01,Luxembourg,NA
2009-04-01,Luxembourg,NA
2009-05-01,Luxembourg,NA
2009-06-01,Luxembourg,NA
2009-07-01,Luxembourg,NA
2009-08-01,Luxembourg,NA
2009-09-01,Luxembourg,NA
2009-10-01,Luxembourg,NA
2009-11-01,Luxembourg,NA
2009-12-01,Luxembourg,NA
2010-01-01,Luxembourg,NA
2010-02-01,Luxembourg,NA
2010-03-01,Luxembourg,NA
2010-04-01,Luxembourg,NA
2010-05-01,Luxembourg,0.41788095300000005
2010-06-01,Luxembourg,0.46540909100000016
2010-07-01,Luxembourg,0.3687272730000002
2010-08-01,Luxembourg,0.3150454549999999
2010-09-01,Luxembourg,0.37213636400000016
2010-10-01,Luxembourg,0.38747618999999967
2010-11-01,Luxembourg,0.40190909099999983
2010-12-01,Luxembourg,0.4043685299999997
2011-01-01,Luxembourg,0.28742857099999997
2011-02-01,Luxembourg,0.2538
2011-03-01,Luxembourg,0.25926086999999987
2011-04-01,Luxembourg,0.2257593980000001
2011-05-01,Luxembourg,0.23254545399999982
2011-06-01,Luxembourg,0.2544999999999997
2011-07-01,Luxembourg,0.28185714299999987
2011-08-01,Luxembourg,0.3797826089999998
2011-09-01,Luxembourg,0.444272727
2011-10-01,Luxembourg,0.3637619049999996
2011-11-01,Luxembourg,0.4328636359999998
2011-12-01,Luxembourg,0.3361991340000001
2012-01-01,Luxembourg,0.24881818199999972
2012-02-01,Luxembourg,0.18257142799999992
2012-03-01,Luxembourg,0.541237763
2012-04-01,Luxembourg,0.5960275690000001
2012-05-01,Luxembourg,0.585529644
2012-06-01,Luxembourg,0.518285715
2012-07-01,Luxembourg,0.4555909089999999
2012-08-01,Luxembourg,0.31986956600000016
2012-09-01,Luxembourg,0.15690000000000004
2012-10-01,Luxembourg,0.15365217399999986
2012-11-01,Luxembourg,0.1878636360000001
2012-12-01,Luxembourg,0.12801680599999998
2013-01-01,Luxembourg,0.0822490119999999
2013-02-01,Luxembourg,0.14924999999999988
2013-03-01,Luxembourg,0.19088095199999988
2013-04-01,Luxembourg,0.21330952400000003
2013-05-01,Luxembourg,0.165996048
2013-06-01,Luxembourg,0.22449999999999992
2013-07-01,Luxembourg,0.4554782609999999
2013-08-01,Luxembourg,0.4670909089999997
2013-09-01,Luxembourg,0.3832857139999999
2013-10-01,Luxembourg,0.37660869600000013
2013-11-01,Luxembourg,0.3313809529999998
2013-12-01,Luxembourg,0.29854040400000015
2014-01-01,Luxembourg,0.30096047400000003
2014-02-01,Luxembourg,0.3102499999999999
2014-03-01,Luxembourg,0.28761904699999996
2014-04-01,Luxembourg,0.25359090900000014
2014-05-01,Luxembourg,0.24108441600000008
2014-06-01,Luxembourg,0.17552381000000006
2014-07-01,Luxembourg,0.14930434800000003
2014-08-01,Luxembourg,0.12647618999999988
2014-09-01,Luxembourg,0.06190909099999997
2014-10-01,Luxembourg,0.07639525700000005
2014-11-01,Luxembourg,0.03210000000000002
2014-12-01,Luxembourg,0.057617849
2015-01-01,Luxembourg,0.08331818199999996
2015-02-01,Luxembourg,0.028799999999999992
2015-03-01,Luxembourg,-0.066863637
2015-04-01,Luxembourg,-0.056863635999999995
2015-05-01,Luxembourg,-0.14183709300000003
2015-06-01,Luxembourg,-0.144045455
2015-07-01,Luxembourg,-0.14934782599999996
2015-08-01,Luxembourg,-0.16361904800000004
2015-09-01,Luxembourg,-0.22854545500000006
2015-10-01,Luxembourg,-0.21059090899999994
2015-11-01,Luxembourg,-0.264428571
2015-12-01,Luxembourg,-0.258326087
2016-01-01,Luxembourg,-0.246595238
2016-02-01,Luxembourg,-0.214952381
2016-03-01,Luxembourg,-0.257863354
2016-04-01,Luxembourg,-0.25842857199999997
2016-05-01,Luxembourg,-0.278084416
2016-06-01,Luxembourg,-0.218409091
2016-07-01,Luxembourg,-0.210333334
2016-08-01,Luxembourg,-0.25239130499999995
2016-09-01,Luxembourg,-0.296136364
2016-10-01,Luxembourg,-0.307666667
2016-11-01,Luxembourg,-0.33631818199999997
2016-12-01,Luxembourg,-0.348632035
2017-01-01,Luxembourg,-0.32699999999999996
2017-02-01,Luxembourg,0.2963
2017-03-01,Luxembourg,0.25117391299999997
2017-04-01,Luxembourg,0.262744444
2017-05-01,Luxembourg,0.23267984199999997
2017-06-01,Luxembourg,0.268387446
2017-07-01,Luxembourg,0.237047619
2017-08-01,Luxembourg,0.223521739
2017-09-01,Luxembourg,0.207238095
2017-10-01,Luxembourg,0.197681818
2017-11-01,Luxembourg,0.19190909099999998
2017-12-01,Luxembourg,0.194250627
2018-01-01,Luxembourg,0.14741106699999995
2018-02-01,Luxembourg,0.12080000000000002
2018-03-01,Luxembourg,0.14695454499999994
2018-04-01,Luxembourg,0.13830952400000002
2018-05-01,Luxembourg,0.158478261
2018-06-01,Luxembourg,0.20999999999999996
2018-07-01,Luxembourg,0.19531818199999995
2018-08-01,Luxembourg,0.175521739
2018-09-01,Luxembourg,0.1387
2018-10-01,Luxembourg,0.16116996100000003
2018-11-01,Luxembourg,0.18245454600000005
2018-12-01,Luxembourg,0.23584593799999998
2019-01-01,Luxembourg,0.23466403099999997
2019-02-01,Luxembourg,0.2056
2019-03-01,Luxembourg,0.15680952399999998
2019-04-01,Luxembourg,0.149045455
2019-05-01,Luxembourg,0.154545455
2019-06-01,Luxembourg,0.15326315799999998
2019-07-01,Luxembourg,0.11026086999999996
2019-08-01,Luxembourg,0.10809090899999996
2019-09-01,Luxembourg,0.09676190500000004
2019-10-01,Luxembourg,0.08254545499999999
2019-11-01,Luxembourg,0.078380952
2019-12-01,Luxembourg,0.07344444399999997
2020-01-01,Luxembourg,0.061636364
2020-02-01,Luxembourg,0.07500000000000001
2020-03-01,Luxembourg,0.180818182
2020-04-01,Luxembourg,0.20350000000000001
2020-05-01,Luxembourg,0.19449999999999995
2020-06-01,Luxembourg,0.09128571399999996
2020-07-01,Luxembourg,0.09304347799999996
2020-08-01,Luxembourg,0.06933333299999994
2020-09-01,Luxembourg,0.027545455000000052
2020-10-01,Luxembourg,0.06627272699999998
2020-11-01,Luxembourg,0.07923809500000001
2020-12-01,Luxembourg,0.06999999999999995
2021-01-01,Luxembourg,0.04849999999999999
2021-02-01,Luxembourg,-5.000000000000004e-4
2021-03-01,Luxembourg,-0.03621739100000004
2021-04-01,Luxembourg,-0.05099999999999999
2021-05-01,Luxembourg,-0.0905
2007-08-01,the Netherlands,0.08647826099999989
2007-09-01,the Netherlands,0.11699999999999999
2007-10-01,the Netherlands,0.09339130400000073
2007-11-01,the Netherlands,0.11945454499999997
2007-12-01,the Netherlands,0.13211764700000028
2008-01-01,the Netherlands,0.10027272700000012
2008-02-01,the Netherlands,0.09314285700000013
2008-03-01,the Netherlands,0.17452631600000013
2008-04-01,the Netherlands,0.16999999999999993
2008-05-01,the Netherlands,0.1510952379999999
2008-06-01,the Netherlands,0.21352380999999987
2008-07-01,the Netherlands,0.19656521699999985
2008-08-01,the Netherlands,0.1956190479999993
2008-09-01,the Netherlands,0.2589090909999996
2008-10-01,the Netherlands,0.3440869569999996
2008-11-01,the Netherlands,0.40649999999999986
2008-12-01,the Netherlands,0.5991052629999998
2009-01-01,the Netherlands,0.6920476189999998
2009-02-01,the Netherlands,0.6695000000000002
2009-03-01,the Netherlands,0.6384545450000001
2009-04-01,the Netherlands,0.6379999999999999
2009-05-01,the Netherlands,0.4820000000000002
2009-06-01,the Netherlands,0.4823636360000001
2009-07-01,the Netherlands,0.42617391299999996
2009-08-01,the Netherlands,0.303761905
2009-09-01,the Netherlands,0.316818182
2009-10-01,the Netherlands,0.323909091
2009-11-01,the Netherlands,0.3028571430000002
2009-12-01,the Netherlands,0.2995000000000001
2010-01-01,the Netherlands,0.20950000000000024
2010-02-01,the Netherlands,0.18599999999999994
2010-03-01,the Netherlands,0.26582608699999977
2010-04-01,the Netherlands,0.2565000000000004
2010-05-01,the Netherlands,0.2837142859999999
2010-06-01,the Netherlands,0.35581818200000015
2010-07-01,the Netherlands,0.2370909090000004
2010-08-01,the Netherlands,0.20799999999999974
2010-09-01,the Netherlands,0.223545455
2010-10-01,the Netherlands,0.23128571399999975
2010-11-01,the Netherlands,0.25181818200000006
2010-12-01,the Netherlands,0.2402380949999996
2011-01-01,the Netherlands,0.21133333300000023
2011-02-01,the Netherlands,0.20900000000000007
2011-03-01,the Netherlands,0.21126086999999982
2011-04-01,the Netherlands,0.30647368399999975
2011-05-01,the Netherlands,0.34209090899999994
2011-06-01,the Netherlands,0.39309090899999966
2011-07-01,the Netherlands,0.42819047600000015
2011-08-01,the Netherlands,0.4645217389999998
2011-09-01,the Netherlands,0.5069090909999998
2011-10-01,the Netherlands,0.46161904799999975
2011-11-01,the Netherlands,0.5714545450000001
2011-12-01,the Netherlands,0.44838095199999994
2012-01-01,the Netherlands,0.376090909
2012-02-01,the Netherlands,0.3840952380000002
2012-03-01,the Netherlands,0.41854545500000007
2012-04-01,the Netherlands,0.6687894740000002
2012-05-01,the Netherlands,0.637181818
2012-06-01,the Netherlands,0.62552381
2012-07-01,the Netherlands,0.5047272730000001
2012-08-01,the Netherlands,0.41526087
2012-09-01,the Netherlands,0.35350000000000015
2012-10-01,the Netherlands,0.30004347799999986
2012-11-01,the Netherlands,0.3140909089999999
2012-12-01,the Netherlands,0.26258823499999995
2013-01-01,the Netherlands,0.21472727300000005
2013-02-01,the Netherlands,0.28349999999999986
2013-03-01,the Netherlands,0.3105
2013-04-01,the Netherlands,0.4648095240000001
2013-05-01,the Netherlands,0.39190909100000004
2013-06-01,the Netherlands,0.46950000000000003
2013-07-01,the Netherlands,0.466347826
2013-08-01,the Netherlands,0.4610000000000001
2013-09-01,the Netherlands,0.43390476200000005
2013-10-01,the Netherlands,0.414826087
2013-11-01,the Netherlands,0.37885714300000006
2013-12-01,the Netherlands,0.360222222
2014-01-01,the Netherlands,0.34209090899999994
2014-02-01,the Netherlands,0.3325
2014-03-01,the Netherlands,0.301428571
2014-04-01,the Netherlands,0.3895000000000002
2014-05-01,the Netherlands,0.3818571430000002
2014-06-01,the Netherlands,0.3337142860000002
2014-07-01,the Netherlands,0.2926521740000001
2014-08-01,the Netherlands,0.24333333299999993
2014-09-01,the Netherlands,0.23263636399999987
2014-10-01,the Netherlands,0.24109090900000008
2014-11-01,the Netherlands,0.21500000000000008
2014-12-01,the Netherlands,0.188052632
2015-01-01,the Netherlands,0.13
2015-02-01,the Netherlands,0.11399999999999999
2015-03-01,the Netherlands,0.098272727
2015-04-01,the Netherlands,0.192
2015-05-01,the Netherlands,0.198210526
2015-06-01,the Netherlands,0.26127272700000004
2015-07-01,the Netherlands,0.276
2015-08-01,the Netherlands,0.24395238099999994
2015-09-01,the Netherlands,0.21145454499999994
2015-10-01,the Netherlands,0.20681818200000002
2015-11-01,the Netherlands,0.19980952399999996
2015-12-01,the Netherlands,0.20850000000000002
2016-01-01,the Netherlands,0.21550000000000002
2016-02-01,the Netherlands,0.197666667
2016-03-01,the Netherlands,0.148571429
2016-04-01,the Netherlands,0.26023809500000006
2016-05-01,the Netherlands,0.251142857
2016-06-01,the Netherlands,0.266818182
2016-07-01,the Netherlands,0.216285714
2016-08-01,the Netherlands,0.15873913
2016-09-01,the Netherlands,0.145090909
2016-10-01,the Netherlands,0.154
2016-11-01,the Netherlands,0.195909091
2016-12-01,the Netherlands,0.184095238
2017-01-01,the Netherlands,0.230090909
2017-02-01,the Netherlands,0.22799999999999998
2017-03-01,the Netherlands,0.13673913
2017-04-01,the Netherlands,0.272444444
2017-05-01,the Netherlands,0.25263636399999995
2017-06-01,the Netherlands,0.25252381
2017-07-01,the Netherlands,0.23228571399999992
2017-08-01,the Netherlands,0.19591304300000006
2017-09-01,the Netherlands,0.184857143
2017-10-01,the Netherlands,0.16850000000000004
2017-11-01,the Netherlands,0.15981818200000003
2017-12-01,the Netherlands,0.15463157900000002
2018-01-01,the Netherlands,0.13545454499999998
2018-02-01,the Netherlands,0.10099999999999998
2018-03-01,the Netherlands,0.09999999999999998
2018-04-01,the Netherlands,0.20949999999999996
2018-05-01,the Netherlands,0.22000000000000003
2018-06-01,the Netherlands,0.24285714299999994
2018-07-01,the Netherlands,0.19499999999999995
2018-08-01,the Netherlands,0.17913043499999998
2018-09-01,the Netherlands,0.17950000000000005
2018-10-01,the Netherlands,0.18090909099999997
2018-11-01,the Netherlands,0.20590909100000004
2018-12-01,the Netherlands,0.212941176
2019-01-01,the Netherlands,0.197272727
2019-02-01,the Netherlands,0.1845
2019-03-01,the Netherlands,0.13904761899999998
2019-04-01,the Netherlands,0.23950000000000002
2019-05-01,the Netherlands,0.24454545500000002
2019-06-01,the Netherlands,0.225263158
2019-07-01,the Netherlands,0.17826087
2019-08-01,the Netherlands,0.149090909
2019-09-01,the Netherlands,0.16476190500000004
2019-10-01,the Netherlands,0.159545455
2019-11-01,the Netherlands,0.16238095200000002
2019-12-01,the Netherlands,0.15944444399999996
2020-01-01,the Netherlands,0.143636364
2020-02-01,the Netherlands,0.126
2020-03-01,the Netherlands,0.21181818199999997
2020-04-01,the Netherlands,0.2295
2020-05-01,the Netherlands,0.20649999999999996
2020-06-01,the Netherlands,0.144285714
2020-07-01,the Netherlands,0.13304347799999994
2020-08-01,the Netherlands,0.11333333299999998
2020-09-01,the Netherlands,0.08454545500000005
2020-10-01,the Netherlands,0.07727272699999999
2020-11-01,the Netherlands,0.075238095
2020-12-01,the Netherlands,0.06899999999999995
2021-01-01,the Netherlands,0.05349999999999999
2021-02-01,the Netherlands,0.055499999999999994
2021-03-01,the Netherlands,0.034782608999999964
2021-04-01,the Netherlands,0.025000000000000022
2021-05-01,the Netherlands,0.0335
2021-06-01,the Netherlands,0.04863636399999999
2007-08-01,Portugal,0.2583052610000003
2007-09-01,Portugal,0.27700499999999995
2007-10-01,Portugal,0.23358730400000027
2007-11-01,Portugal,0.2709935450000005
2007-12-01,Portugal,0.2623466470000002
2008-01-01,Portugal,0.2812497269999996
2008-02-01,Portugal,0.3136498569999997
2008-03-01,Portugal,0.5613943159999999
2008-04-01,Portugal,0.48035099999999975
2008-05-01,Portugal,0.4016452380000004
2008-06-01,Portugal,0.44040480999999954
2008-07-01,Portugal,0.4625032169999992
2008-08-01,Portugal,0.4891970479999994
2008-09-01,Portugal,0.5665150909999994
2008-10-01,Portugal,0.673332957
2008-11-01,Portugal,0.7937850000000002
2008-12-01,Portugal,0.9565802630000002
2009-01-01,Portugal,1.2445396189999998
2009-02-01,Portugal,1.3891329999999997
2009-03-01,Portugal,1.656597545
2009-04-01,Portugal,1.393281
2009-05-01,Portugal,0.9197760000000001
2009-06-01,Portugal,1.0268496360000006
2009-07-01,Portugal,0.9132509999999998
2009-08-01,Portugal,0.6438664759999999
2009-09-01,Portugal,0.6715872730000001
2009-10-01,Portugal,0.6411247270000002
2009-11-01,Portugal,0.5866976670000001
2009-12-01,Portugal,0.7684651819999999
2010-01-01,Portugal,0.9130711499999999
2010-02-01,Portugal,1.3940964210000004
2010-03-01,Portugal,1.2068290439999996
2010-04-01,Portugal,1.7128359500000006
2010-05-01,Portugal,2.286511619
2010-06-01,Portugal,3.0010000000000003
2010-07-01,Portugal,2.8768636360000004
2010-08-01,Portugal,2.9563636360000003
2010-09-01,Portugal,3.776454546
2010-10-01,Portugal,3.7034761899999995
2010-11-01,Portugal,4.378409091
2010-12-01,Portugal,3.619325052
2011-01-01,Portugal,3.9282857140000003
2011-02-01,Portugal,4.13705
2011-03-01,Portugal,4.584217391999999
2011-04-01,Portugal,5.845947367999999
2011-05-01,Portugal,6.571590909
2011-06-01,Portugal,7.973727269
2011-07-01,Portugal,9.407999996000001
2011-08-01,Portugal,8.716068868999999
2011-09-01,Portugal,9.511397271
2011-10-01,Portugal,9.713982808
2011-11-01,Portugal,10.017093315
2011-12-01,Portugal,11.151407572
2012-01-01,Portugal,12.027916729
2012-02-01,Portugal,10.961653998
2012-03-01,Portugal,11.176588044999999
2012-04-01,Portugal,10.381894734
2012-05-01,Portugal,10.248357728
2012-06-01,Portugal,9.25665291
2012-07-01,Portugal,9.249677093
2012-08-01,Portugal,8.543437131
2012-09-01,Portugal,7.1290778
2012-10-01,Portugal,6.705615391
2012-11-01,Portugal,6.983602864
2012-12-01,Portugal,5.952146550999999
2013-01-01,Portugal,4.727261182
2013-02-01,Portugal,4.85246205
2013-03-01,Portugal,4.7472654
2013-04-01,Portugal,4.955637953
2013-05-01,Portugal,4.161522818
2013-06-01,Portugal,4.7669899000000004
2013-07-01,Portugal,5.302963739
2013-08-01,Portugal,4.862999954999999
2013-09-01,Portugal,5.174337524
2013-10-01,Portugal,4.566276131
2013-11-01,Portugal,4.300666667000001
2013-12-01,Portugal,4.242272222
2014-01-01,Portugal,3.4564999999999997
2014-02-01,Portugal,3.3765500000000004
2014-03-01,Portugal,2.9217619040000002
2014-04-01,Portugal,2.361863636
2014-05-01,Portugal,2.334238095
2014-06-01,Portugal,2.238333334
2014-07-01,Portugal,2.572826087
2014-08-01,Portugal,2.5158571430000003
2014-09-01,Portugal,2.25709091
2014-10-01,Portugal,2.421482213
2014-11-01,Portugal,2.4091500000000003
2014-12-01,Portugal,2.219602632
2015-01-01,Portugal,2.1
2015-02-01,Portugal,2.018
2015-03-01,Portugal,1.512272727
2015-04-01,Portugal,1.7480000000000002
2015-05-01,Portugal,1.8542105260000001
2015-06-01,Portugal,2.137272727
2015-07-01,Portugal,2.0300000000000002
2015-08-01,Portugal,1.910952381
2015-09-01,Portugal,1.9354545449999998
2015-10-01,Portugal,1.8918181820000002
2015-11-01,Portugal,2.053809524
2015-12-01,Portugal,1.9445000000000001
2016-01-01,Portugal,2.2795
2016-02-01,Portugal,3.056666667
2016-03-01,Portugal,2.668571429
2016-04-01,Portugal,2.995238095
2016-05-01,Portugal,3.0071428570000003
2016-06-01,Portugal,3.2168181820000004
2016-07-01,Portugal,3.214285714
2016-08-01,Portugal,3.0417391300000003
2016-09-01,Portugal,3.3440909089999997
2016-10-01,Portugal,3.3280000000000003
2016-11-01,Portugal,3.320909091
2016-12-01,Portugal,3.488095238
2017-01-01,Portugal,3.699090909
2017-02-01,Portugal,3.782
2017-03-01,Portugal,3.6417391300000004
2017-04-01,Portugal,3.544444444
2017-05-01,Portugal,2.953636364
2017-06-01,Portugal,2.71952381
2017-07-01,Portugal,2.5742857139999997
2017-08-01,Portugal,2.4839130430000003
2017-09-01,Portugal,2.2828571429999998
2017-10-01,Portugal,1.9474999999999998
2017-11-01,Portugal,1.671818182
2017-12-01,Portugal,1.532631579
2018-01-01,Portugal,1.3754545450000002
2018-02-01,Portugal,1.3709999999999998
2018-03-01,Portugal,1.26
2018-04-01,Portugal,1.1795
2018-05-01,Portugal,1.3900000000000001
2018-06-01,Portugal,1.542857143
2018-07-01,Portugal,1.4849999999999999
2018-08-01,Portugal,1.5291304350000001
2018-09-01,Portugal,1.5094999999999998
2018-10-01,Portugal,1.560909091
2018-11-01,Portugal,1.585909091
2018-12-01,Portugal,1.522941176
2019-01-01,Portugal,1.537272727
2019-02-01,Portugal,1.4945
2019-03-01,Portugal,1.309047619
2019-04-01,Portugal,1.2195
2019-05-01,Portugal,1.154545455
2019-06-01,Portugal,0.9052631579999999
2019-07-01,Portugal,0.82826087
2019-08-01,Portugal,0.819090909
2019-09-01,Portugal,0.7947619050000001
2019-10-01,Portugal,0.659545455
2019-11-01,Portugal,0.702380952
2019-12-01,Portugal,0.709444444
2020-01-01,Portugal,0.683636364
2020-02-01,Portugal,0.716
2020-03-01,Portugal,1.251818182
2020-04-01,Portugal,1.4195
2020-05-01,Portugal,1.3265
2020-06-01,Portugal,0.9642857140000001
2020-07-01,Portugal,0.923043478
2020-08-01,Portugal,0.8833333329999999
2020-09-01,Portugal,0.844545455
2020-10-01,Portugal,0.787272727
2020-11-01,Portugal,0.6852380950000001
2020-12-01,Portugal,0.649
2021-01-01,Portugal,0.6135
2021-02-01,Portugal,0.6055
2021-03-01,Portugal,0.594782609
2021-04-01,Portugal,0.675
2021-05-01,Portugal,0.7535000000000001
2021-06-01,Portugal,0.718636364
2007-08-01,Slovenia,0.5234782610000002
2007-09-01,Slovenia,0.45399999999999974
2007-10-01,Slovenia,0.29739130400000047
2007-11-01,Slovenia,0.3104545450000007
2007-12-01,Slovenia,0.344117647
2008-01-01,Slovenia,0.3622727269999997
2008-02-01,Slovenia,0.36714285700000016
2008-03-01,Slovenia,0.530526316
2008-04-01,Slovenia,0.4299999999999997
2008-05-01,Slovenia,0.40809523800000047
2008-06-01,Slovenia,0.42952381000000006
2008-07-01,Slovenia,0.5295652169999991
2008-08-01,Slovenia,0.4776190479999993
2008-09-01,Slovenia,0.5859090909999995
2008-10-01,Slovenia,0.776086957
2008-11-01,Slovenia,1.0535
2008-12-01,Slovenia,1.5121052629999996
2009-01-01,Slovenia,1.629047619
2009-02-01,Slovenia,1.7425000000000002
2009-03-01,Slovenia,1.6904545450000001
2009-04-01,Slovenia,1.6369999999999996
2009-05-01,Slovenia,1.3889999999999998
2009-06-01,Slovenia,1.2163636360000005
2009-07-01,Slovenia,0.9921739130000002
2009-08-01,Slovenia,0.7647619050000003
2009-09-01,Slovenia,0.6968181819999999
2009-10-01,Slovenia,0.6509090909999999
2009-11-01,Slovenia,0.6528571430000003
2009-12-01,Slovenia,0.7715000000000001
2010-01-01,Slovenia,0.7425000000000002
2010-02-01,Slovenia,0.6699999999999999
2010-03-01,Slovenia,0.8378260869999998
2010-04-01,Slovenia,0.8755000000000002
2010-05-01,Slovenia,1.085714286
2010-06-01,Slovenia,1.2868181820000002
2010-07-01,Slovenia,1.2540909090000003
2010-08-01,Slovenia,1.3199999999999998
2010-09-01,Slovenia,1.339545455
2010-10-01,Slovenia,1.2142857139999998
2010-11-01,Slovenia,1.236818182
2010-12-01,Slovenia,1.1952380950000001
2011-01-01,Slovenia,1.273333333
2011-02-01,Slovenia,1.061
2011-03-01,Slovenia,1.0882608699999996
2011-04-01,Slovenia,1.1894736840000002
2011-05-01,Slovenia,1.3690909089999996
2011-06-01,Slovenia,1.689090909
2011-07-01,Slovenia,2.1461904759999997
2011-08-01,Slovenia,2.776521739
2011-09-01,Slovenia,3.0309090910000003
2011-10-01,Slovenia,3.157619048
2011-11-01,Slovenia,4.585454545
2011-12-01,Slovenia,4.972380952
2012-01-01,Slovenia,4.919090909
2012-02-01,Slovenia,3.8780952380000002
2012-03-01,Slovenia,3.249545455
2012-04-01,Slovenia,3.645789474
2012-05-01,Slovenia,3.9431818180000002
2012-06-01,Slovenia,4.3295238099999995
2012-07-01,Slovenia,5.097727273
2012-08-01,Slovenia,5.46826087
2012-09-01,Slovenia,4.8295
2012-10-01,Slovenia,4.273043478
2012-11-01,Slovenia,4.094090909
2012-12-01,Slovenia,4.030588235
2013-01-01,Slovenia,3.2977272729999996
2013-02-01,Slovenia,3.3365
2013-03-01,Slovenia,3.7355
2013-04-01,Slovenia,4.733809524
2013-05-01,Slovenia,4.055909091
2013-06-01,Slovenia,4.8495
2013-07-01,Slovenia,5.014347826
2013-08-01,Slovenia,4.7749999999999995
2013-09-01,Slovenia,4.671904762
2013-10-01,Slovenia,4.707826087
2013-11-01,Slovenia,4.232857143
2013-12-01,Slovenia,3.4722222219999996
2014-01-01,Slovenia,2.9740909090000005
2014-02-01,Slovenia,2.8714999999999997
2014-03-01,Slovenia,2.341428571
2014-04-01,Slovenia,2.0635000000000003
2014-05-01,Slovenia,2.0628571430000004
2014-06-01,Slovenia,1.865714286
2014-07-01,Slovenia,2.045652174
2014-08-01,Slovenia,2.133333333
2014-09-01,Slovenia,1.738636364
2014-10-01,Slovenia,1.8390909089999998
2014-11-01,Slovenia,1.8210000000000002
2014-12-01,Slovenia,1.521052632
2015-01-01,Slovenia,1.3599999999999999
2015-02-01,Slovenia,1.018
2015-03-01,Slovenia,0.762272727
2015-04-01,Slovenia,0.9380000000000001
2015-05-01,Slovenia,1.034210526
2015-06-01,Slovenia,1.3372727269999998
2015-07-01,Slovenia,1.7200000000000002
2015-08-01,Slovenia,1.4609523809999998
2015-09-01,Slovenia,1.4154545449999998
2015-10-01,Slovenia,1.281818182
2015-11-01,Slovenia,1.143809524
2015-12-01,Slovenia,1.0645000000000002
2016-01-01,Slovenia,1.1795
2016-02-01,Slovenia,1.416666667
2016-03-01,Slovenia,1.308571429
2016-04-01,Slovenia,1.2352380950000001
2016-05-01,Slovenia,1.2771428569999999
2016-06-01,Slovenia,1.376818182
2016-07-01,Slovenia,1.104285714
2016-08-01,Slovenia,0.9317391300000001
2016-09-01,Slovenia,0.834090909
2016-10-01,Slovenia,0.618
2016-11-01,Slovenia,0.700909091
2016-12-01,Slovenia,0.708095238
2017-01-01,Slovenia,0.739090909
2017-02-01,Slovenia,0.752
2017-03-01,Slovenia,0.6417391299999999
2017-04-01,Slovenia,0.774444444
2017-05-01,Slovenia,0.643636364
2017-06-01,Slovenia,0.60952381
2017-07-01,Slovenia,0.6942857139999998
2017-08-01,Slovenia,0.743913043
2017-09-01,Slovenia,0.632857143
2017-10-01,Slovenia,0.5974999999999999
2017-11-01,Slovenia,0.5018181820000001
2017-12-01,Slovenia,0.39263157899999995
2018-01-01,Slovenia,0.405454545
2018-02-01,Slovenia,0.48099999999999987
2018-03-01,Slovenia,0.5800000000000001
2018-04-01,Slovenia,0.40950000000000003
2018-05-01,Slovenia,0.51
2018-06-01,Slovenia,0.662857143
2018-07-01,Slovenia,0.515
2018-08-01,Slovenia,0.479130435
2018-09-01,Slovenia,0.3795
2018-10-01,Slovenia,0.520909091
2018-11-01,Slovenia,0.6959090910000001
2018-12-01,Slovenia,0.772941176
2019-01-01,Slovenia,0.847272727
2019-02-01,Slovenia,0.8145
2019-03-01,Slovenia,0.6590476190000001
2019-04-01,Slovenia,0.5595
2019-05-01,Slovenia,0.514545455
2019-06-01,Slovenia,0.505263158
2019-07-01,Slovenia,0.37826086999999997
2019-08-01,Slovenia,0.589090909
2019-09-01,Slovenia,0.434761905
2019-10-01,Slovenia,0.37954545500000003
2019-11-01,Slovenia,0.342380952
2019-12-01,Slovenia,0.319444444
2020-01-01,Slovenia,0.403636364
2020-02-01,Slovenia,0.506
2020-03-01,Slovenia,0.561818182
2020-04-01,Slovenia,0.7195
2020-05-01,Slovenia,1.2565
2020-06-01,Slovenia,0.854285714
2020-07-01,Slovenia,0.6130434779999999
2020-08-01,Slovenia,0.423333333
2020-09-01,Slovenia,0.44454545500000003
2020-10-01,Slovenia,0.477272727
2020-11-01,Slovenia,0.43523809500000005
2020-12-01,Slovenia,0.389
2021-01-01,Slovenia,0.4135
2021-02-01,Slovenia,0.4655
2021-03-01,Slovenia,0.39478260899999995
2021-04-01,Slovenia,0.34500000000000003
2021-05-01,Slovenia,0.4335
2007-08-01,Spain,0.10160869599999955
2007-09-01,Spain,0.1280000000000001
2007-10-01,Spain,0.09573913000000012
2007-11-01,Spain,0.15831818100000028
2007-12-01,Spain,0.14182352899999984
2008-01-01,Spain,0.15500000000000025
2008-02-01,Spain,0.1912380950000001
2008-03-01,Spain,0.31815789500000013
2008-04-01,Spain,0.27027272700000005
2008-05-01,Spain,0.2202452380000004
2008-06-01,Spain,0.27114285800000015
2008-07-01,Spain,0.30742885299999934
2008-08-01,Spain,0.3567366949999995
2008-09-01,Spain,0.47424242399999983
2008-10-01,Spain,0.582086957
2008-11-01,Spain,0.5902999999999996
2008-12-01,Spain,0.8102817340000001
2009-01-01,Spain,1.0748897239999997
2009-02-01,Spain,1.1060500000000002
2009-03-01,Spain,1.03921645
2009-04-01,Spain,0.8727499999999999
2009-05-01,Spain,0.6832499999999997
2009-06-01,Spain,0.761409091
2009-07-01,Spain,0.6741304350000004
2009-08-01,Spain,0.47314285700000003
2009-09-01,Spain,0.540045455
2009-10-01,Spain,0.5620000000000003
2009-11-01,Spain,0.5723809530000001
2009-12-01,Spain,0.6656999999999997
2010-01-01,Spain,0.73115
2010-02-01,Spain,0.8081
2010-03-01,Spain,0.728304348
2010-04-01,Spain,0.8369210530000002
2010-05-01,Spain,1.349857143
2010-06-01,Spain,2.0123181820000005
2010-07-01,Spain,1.817181818
2010-08-01,Spain,1.6871818179999996
2010-09-01,Spain,1.7941818190000003
2010-10-01,Spain,1.690809524
2010-11-01,Spain,2.1527229439999997
2010-12-01,Spain,2.459619047
2011-01-01,Spain,2.362666666
2011-02-01,Spain,2.0587999999999997
2011-03-01,Spain,2.0376956529999997
2011-04-01,Spain,1.9882105259999996
2011-05-01,Spain,2.2612727269999997
2011-06-01,Spain,2.588954545
2011-07-01,Spain,3.081047619
2011-08-01,Spain,3.038869565
2011-09-01,Spain,3.3711363640000003
2011-10-01,Spain,3.2489523809999996
2011-11-01,Spain,4.317545454
2011-12-01,Spain,3.5769047620000003
2012-01-01,Spain,3.5783766230000005
2012-02-01,Spain,3.2591904759999997
2012-03-01,Spain,3.339272728
2012-04-01,Spain,4.165789474
2012-05-01,Spain,4.788727273
2012-06-01,Spain,5.288904762
2012-07-01,Spain,5.552727273
2012-08-01,Spain,5.239546584
2012-09-01,Spain,4.43
2012-10-01,Spain,4.179634387
2012-11-01,Spain,4.354181818000001
2012-12-01,Spain,4.040532679
2013-01-01,Spain,3.5380000000000003
2013-02-01,Spain,3.6748000000000003
2013-03-01,Spain,3.5668500000000005
2013-04-01,Spain,3.3949047620000004
2013-05-01,Spain,2.9522272730000005
2013-06-01,Spain,3.1402
2013-07-01,Spain,3.094521739
2013-08-01,Spain,2.772181818
2013-09-01,Spain,2.5288095239999997
2013-10-01,Spain,2.454173913
2013-11-01,Spain,2.429207143
2013-12-01,Spain,2.3407722220000005
2014-01-01,Spain,2.029090909
2014-02-01,Spain,2.00275
2014-03-01,Spain,1.8034285709999998
2014-04-01,Spain,1.6476500000000003
2014-05-01,Spain,1.606285714
2014-06-01,Spain,1.448190476
2014-07-01,Spain,1.5566521739999999
2014-08-01,Spain,1.462733333
2014-09-01,Spain,1.274681819
2014-10-01,Spain,1.320395257
2014-11-01,Spain,1.35155
2014-12-01,Spain,1.196421053
2015-01-01,Spain,1.1520952379999998
2015-02-01,Spain,1.2110999999999998
2015-03-01,Spain,0.9980909090000001
2015-04-01,Spain,1.19075
2015-05-01,Spain,1.214842105
2015-06-01,Spain,1.441227272
2015-07-01,Spain,1.3906956520000002
2015-08-01,Spain,1.3407142859999999
2015-09-01,Spain,1.376227272
2015-10-01,Spain,1.21
2015-11-01,Spain,1.211476191
2015-12-01,Spain,1.1401190479999999
2016-01-01,Spain,1.29745
2016-02-01,Spain,1.5501904770000001
2016-03-01,Spain,1.379333334
2016-04-01,Spain,1.378761905
2016-05-01,Spain,1.433642857
2016-06-01,Spain,1.496772727
2016-07-01,Spain,1.323380952
2016-08-01,Spain,1.146043478
2016-09-01,Spain,1.125
2016-10-01,Spain,1.070619048
2016-11-01,Spain,1.234727273
2016-12-01,Spain,1.1847619049999998
2017-01-01,Spain,1.215409091
2017-02-01,Spain,1.445
2017-03-01,Spain,1.3692608689999999
2017-04-01,Spain,1.392222222
2017-05-01,Spain,1.232045455
2017-06-01,Spain,1.2018419919999999
2017-07-01,Spain,1.142095238
2017-08-01,Spain,1.138776679
2017-09-01,Spain,1.1941428570000001
2017-10-01,Spain,1.242181818
2017-11-01,Spain,1.180590909
2017-12-01,Spain,1.144263158
2018-01-01,Spain,0.9993181809999999
2018-02-01,Spain,0.8588
2018-03-01,Spain,0.8196190480000001
2018-04-01,Spain,0.7378
2018-05-01,Spain,0.935818182
2018-06-01,Spain,1.045761905
2018-07-01,Spain,1.042545455
2018-08-01,Spain,1.081521739
2018-09-01,Spain,1.0713
2018-10-01,Spain,1.1744743080000002
2018-11-01,Spain,1.268318182
2018-12-01,Spain,1.239151702
2019-01-01,Spain,1.246045454
2019-02-01,Spain,1.22545
2019-03-01,Spain,1.115904762
2019-04-01,Spain,1.1018000000000001
2019-05-01,Spain,1.014227273
2019-06-01,Spain,0.814663158
2019-07-01,Spain,0.7433913050000001
2019-08-01,Spain,0.790863636
2019-09-01,Spain,0.7781428570000001
2019-10-01,Spain,0.672067194
2019-11-01,Spain,0.737333333
2019-12-01,Spain,0.735944444
2020-01-01,Spain,0.7324999999999999
2020-02-01,Spain,0.7402
2020-03-01,Spain,1.051136364
2020-04-01,Spain,1.2711999999999999
2020-05-01,Spain,1.264309524
2020-06-01,Spain,0.951376623
2020-07-01,Spain,0.899652174
2020-08-01,Spain,0.824333333
2020-09-01,Spain,0.8052272730000001
2020-10-01,Spain,0.777454545
2020-11-01,Spain,0.709333333
2020-12-01,Spain,0.661181818
2021-01-01,Spain,0.6617500000000001
2021-02-01,Spain,0.67105
2021-03-01,Spain,0.674391305
2021-04-01,Spain,0.69225
2021-05-01,Spain,0.740071429
2021-06-01,Spain,0.734136364
